epoch,value,date_time
1576180800.0,12.0,2019-12-12 12:00:00-08:00
1576249200.0,3.0,2019-12-13 07:00:00-08:00
1576263600.0,3.0,2019-12-13 11:00:00-08:00
1576283400.0,3.0,2019-12-13 16:30:00-08:00
1576300200.0,3.0,2019-12-13 21:10:00-08:00
1576337400.0,3.0,2019-12-14 07:30:00-08:00
1576349100.0,3.0,2019-12-14 10:45:00-08:00
1576368900.0,3.0,2019-12-14 16:15:00-08:00
1576386900.0,3.0,2019-12-14 21:15:00-08:00
1576416600.0,2.5,2019-12-15 05:30:00-08:00
1576434600.0,2.5,2019-12-15 10:30:00-08:00
1576454100.0,2.5,2019-12-15 15:55:00-08:00
1576472400.0,2.5,2019-12-15 21:00:00-08:00
1576502100.0,2.5,2019-12-16 05:15:00-08:00
1576520100.0,2.5,2019-12-16 10:15:00-08:00
1576540800.0,2.5,2019-12-16 16:00:00-08:00
1576558800.0,2.5,2019-12-16 21:00:00-08:00
1576589400.0,2.5,2019-12-17 05:30:00-08:00
1576606500.0,2.5,2019-12-17 10:15:00-08:00
1576621800.0,1.0,2019-12-17 14:30:00-08:00
1576627200.0,1.5,2019-12-17 16:00:00-08:00
1576639200.0,1.0,2019-12-17 19:20:00-08:00
1576648800.0,1.5,2019-12-17 22:00:00-08:00
1576666800.0,0.8,2019-12-18 03:00:00-08:00
1576674900.0,0.5,2019-12-18 05:15:00-08:00
1576675800.0,1.7,2019-12-18 05:30:00-08:00
1576686600.0,2.5,2019-12-18 08:30:00-08:00
1576704600.0,2.5,2019-12-18 13:30:00-08:00
1576712700.0,1.0,2019-12-18 15:45:00-08:00
1576734300.0,1.0,2019-12-18 21:45:00-08:00
1576756800.0,2.5,2019-12-19 04:00:00-08:00
1576778400.0,2.5,2019-12-19 10:00:00-08:00
1576785600.0,2.0,2019-12-19 12:00:00-08:00
1576800000.0,0.47,2019-12-19 16:00:00-08:00
1576818000.0,2.5,2019-12-19 21:00:00-08:00
1576840200.0,1.0,2019-12-20 03:10:00-08:00
1576850400.0,1.5,2019-12-20 06:00:00-08:00
1576862100.0,2.5,2019-12-20 09:15:00-08:00
1576882800.0,2.5,2019-12-20 15:00:00-08:00
1576904400.0,2.5,2019-12-20 21:00:00-08:00
1576926000.0,2.45,2019-12-21 03:00:00-08:00
1576948200.0,2.55,2019-12-21 09:10:00-08:00
1576969200.0,2.5,2019-12-21 15:00:00-08:00
1576990800.0,2.5,2019-12-21 21:00:00-08:00
1577018700.0,2.4,2019-12-22 04:45:00-08:00
1577027700.0,0.2,2019-12-22 07:15:00-08:00
1577044800.0,7.6,2019-12-22 12:00:00-08:00
1577131200.0,10.0,2019-12-23 12:00:00-08:00
1577217600.0,10.0,2019-12-24 12:00:00-08:00
1577304000.0,11.0,2019-12-25 12:00:00-08:00
1577390400.0,9.0,2019-12-26 12:00:00-08:00
1577476800.0,11.0,2019-12-27 12:00:00-08:00
1577563200.0,10.0,2019-12-28 12:00:00-08:00
1577649600.0,15.0,2019-12-29 12:00:00-08:00
1577719800.0,2.0,2019-12-30 07:30:00-08:00
1577730600.0,2.0,2019-12-30 10:30:00-08:00
1577743200.0,2.0,2019-12-30 14:00:00-08:00
1577752200.0,2.0,2019-12-30 16:30:00-08:00
1577769300.0,2.0,2019-12-30 21:15:00-08:00
1577798100.0,2.0,2019-12-31 05:15:00-08:00
1577801700.0,0.5,2019-12-31 06:15:00-08:00
1577812200.0,2.5,2019-12-31 09:10:00-08:00
1577826900.0,2.5,2019-12-31 13:15:00-08:00
1577830800.0,2.5,2019-12-31 14:20:00-08:00
1577836800.0,2.0,2019-12-31 16:00:00-08:00
1577848500.0,2.5,2019-12-31 19:15:00-08:00
1577891700.0,2.0,2020-01-01 07:15:00-08:00
1577898900.0,2.0,2020-01-01 09:15:00-08:00
1577910000.0,1.0,2020-01-01 12:20:00-08:00
1577920500.0,2.5,2020-01-01 15:15:00-08:00
1577941200.0,2.5,2020-01-01 21:00:00-08:00
1577971800.0,2.5,2020-01-02 05:30:00-08:00
1577985300.0,2.5,2020-01-02 09:15:00-08:00
1578006600.0,2.5,2020-01-02 15:10:00-08:00
1578028200.0,2.5,2020-01-02 21:10:00-08:00
1578053700.0,2.5,2020-01-03 04:15:00-08:00
1578071100.0,2.5,2020-01-03 09:05:00-08:00
1578093000.0,2.5,2020-01-03 15:10:00-08:00
1578114900.0,2.5,2020-01-03 21:15:00-08:00
1578140100.0,2.5,2020-01-04 04:15:00-08:00
1578159000.0,2.5,2020-01-04 09:30:00-08:00
1578168000.0,2.5,2020-01-04 12:00:00-08:00
1578182400.0,2.5,2020-01-04 16:00:00-08:00
1578203400.0,1.5,2020-01-04 21:50:00-08:00
1578209400.0,1.0,2020-01-04 23:30:00-08:00
1578234600.0,2.5,2020-01-05 06:30:00-08:00
1578247200.0,2.5,2020-01-05 10:00:00-08:00
1578268800.0,2.5,2020-01-05 16:00:00-08:00
1578290400.0,2.5,2020-01-05 22:00:00-08:00
1578313800.0,2.5,2020-01-06 04:30:00-08:00
1578331800.0,2.5,2020-01-06 09:30:00-08:00
1578351600.0,2.5,2020-01-06 15:00:00-08:00
1578373200.0,2.5,2020-01-06 21:00:00-08:00
1578400200.0,2.5,2020-01-07 04:30:00-08:00
1578416400.0,2.5,2020-01-07 09:00:00-08:00
1578438000.0,2.5,2020-01-07 15:00:00-08:00
1578459600.0,2.5,2020-01-07 21:00:00-08:00
1578484800.0,2.5,2020-01-08 04:00:00-08:00
1578502800.0,2.5,2020-01-08 09:00:00-08:00
1578524400.0,2.5,2020-01-08 15:00:00-08:00
1578528000.0,1.0,2020-01-08 16:00:00-08:00
1578546000.0,1.5,2020-01-08 21:00:00-08:00
1578567600.0,2.5,2020-01-09 03:00:00-08:00
1578589200.0,2.5,2020-01-09 09:00:00-08:00
1578605400.0,2.5,2020-01-09 13:30:00-08:00
1578615300.0,2.0,2020-01-09 16:15:00-08:00
1578619800.0,2.0,2020-01-09 17:30:00-08:00
1578636000.0,1.0,2020-01-09 22:00:00-08:00
1578661200.0,2.5,2020-01-10 05:00:00-08:00
1578676500.0,2.5,2020-01-10 09:15:00-08:00
1578690900.0,2.5,2020-01-10 13:15:00-08:00
1578701700.0,2.5,2020-01-10 16:15:00-08:00
1578723300.0,0.5,2020-01-10 22:15:00-08:00
1578740400.0,2.0,2020-01-11 03:00:00-08:00
1578772800.0,3.0,2020-01-11 12:00:00-08:00
1578799800.0,3.0,2020-01-11 19:30:00-08:00
1578826800.0,2.0,2020-01-12 03:00:00-08:00
1578855600.0,3.0,2020-01-12 11:00:00-08:00
1578871800.0,2.5,2020-01-12 15:30:00-08:00
1578892500.0,1.5,2020-01-12 21:15:00-08:00
1578919500.0,2.0,2020-01-13 04:45:00-08:00
1578934800.0,2.5,2020-01-13 09:00:00-08:00
1578956400.0,2.5,2020-01-13 15:00:00-08:00
1578978000.0,2.0,2020-01-13 21:00:00-08:00
1579001400.0,2.0,2020-01-14 03:30:00-08:00
1579021200.0,2.5,2020-01-14 09:00:00-08:00
1579044600.0,2.5,2020-01-14 15:30:00-08:00
1579058100.0,2.0,2020-01-14 19:15:00-08:00
1579093200.0,2.0,2020-01-15 05:00:00-08:00
1579112100.0,2.5,2020-01-15 10:15:00-08:00
1579118400.0,2.0,2020-01-15 12:00:00-08:00
1579123800.0,0.95,2020-01-15 13:30:00-08:00
1579133700.0,1.5,2020-01-15 16:15:00-08:00
1579179600.0,2.0,2020-01-16 05:00:00-08:00
1579197600.0,2.5,2020-01-16 10:00:00-08:00
1579220400.0,2.5,2020-01-16 16:20:00-08:00
1579239900.0,2.0,2020-01-16 21:45:00-08:00
1579267800.0,2.0,2020-01-17 05:30:00-08:00
1579294800.0,2.5,2020-01-17 13:00:00-08:00
1579302000.0,2.5,2020-01-17 15:00:00-08:00
1579326300.0,1.5,2020-01-17 21:45:00-08:00
1579354200.0,2.0,2020-01-18 05:30:00-08:00
1579370400.0,2.0,2020-01-18 10:00:00-08:00
1579374600.0,3.0,2020-01-18 11:10:00-08:00
1579392000.0,2.5,2020-01-18 16:00:00-08:00
1579399200.0,3.0,2020-01-18 18:00:00-08:00
1579442400.0,2.0,2020-01-19 06:00:00-08:00
1579453200.0,3.0,2020-01-19 09:00:00-08:00
1579476600.0,3.0,2020-01-19 15:30:00-08:00
1579499100.0,2.0,2020-01-19 21:45:00-08:00
1579528800.0,2.0,2020-01-20 06:00:00-08:00
1579545000.0,2.5,2020-01-20 10:30:00-08:00
1579561200.0,2.5,2020-01-20 15:00:00-08:00
1579581600.0,2.0,2020-01-20 20:40:00-08:00
1579610700.0,2.0,2020-01-21 04:45:00-08:00
1579627200.0,2.5,2020-01-21 09:20:00-08:00
1579648500.0,2.5,2020-01-21 15:15:00-08:00
1579654800.0,2.5,2020-01-21 17:00:00-08:00
1579696200.0,2.0,2020-01-22 04:30:00-08:00
1579714200.0,2.5,2020-01-22 09:30:00-08:00
1579735800.0,2.5,2020-01-22 15:30:00-08:00
1579757400.0,2.0,2020-01-22 21:30:00-08:00
1579782600.0,2.0,2020-01-23 04:30:00-08:00
1579809600.0,2.5,2020-01-23 12:00:00-08:00
1579816800.0,2.5,2020-01-23 14:00:00-08:00
1579843800.0,2.0,2020-01-23 21:30:00-08:00
1579876200.0,2.0,2020-01-24 06:30:00-08:00
1579892400.0,2.5,2020-01-24 11:00:00-08:00
1579907700.0,2.5,2020-01-24 15:15:00-08:00
1579929300.0,2.0,2020-01-24 21:15:00-08:00
1579964400.0,2.0,2020-01-25 07:00:00-08:00
1579978800.0,2.5,2020-01-25 11:00:00-08:00
1579993200.0,3.0,2020-01-25 15:00:00-08:00
1579998600.0,3.0,2020-01-25 16:30:00-08:00
1580001300.0,2.0,2020-01-25 17:15:00-08:00
1580055000.0,2.0,2020-01-26 08:10:00-08:00
1580074200.0,2.0,2020-01-26 13:30:00-08:00
1580076000.0,2.0,2020-01-26 14:00:00-08:00
1580094000.0,2.0,2020-01-26 19:00:00-08:00
1580124600.0,2.0,2020-01-27 03:30:00-08:00
1580151600.0,2.0,2020-01-27 11:00:00-08:00
1580166900.0,2.0,2020-01-27 15:15:00-08:00
1580187600.0,2.0,2020-01-27 21:00:00-08:00
1580209200.0,2.0,2020-01-28 03:00:00-08:00
1580230800.0,2.0,2020-01-28 09:00:00-08:00
1580252400.0,2.0,2020-01-28 15:00:00-08:00
1580259600.0,2.0,2020-01-28 17:00:00-08:00
1580274000.0,2.0,2020-01-28 21:00:00-08:00
1580306400.0,2.0,2020-01-29 06:00:00-08:00
1580319000.0,2.0,2020-01-29 09:30:00-08:00
1580338800.0,2.0,2020-01-29 15:00:00-08:00
1580349600.0,2.0,2020-01-29 18:00:00-08:00
1580352300.0,2.0,2020-01-29 18:45:00-08:00
1580385600.0,2.0,2020-01-30 04:00:00-08:00
1580404500.0,2.5,2020-01-30 09:15:00-08:00
1580425200.0,2.5,2020-01-30 15:00:00-08:00
1580447400.0,2.0,2020-01-30 21:10:00-08:00
1580472900.0,2.0,2020-01-31 04:15:00-08:00
1580490000.0,2.5,2020-01-31 09:00:00-08:00
1580511600.0,2.5,2020-01-31 15:00:00-08:00
1580518800.0,3.0,2020-01-31 17:00:00-08:00
1580536800.0,2.0,2020-01-31 22:00:00-08:00
1580567400.0,2.0,2020-02-01 06:30:00-08:00
1580590800.0,2.5,2020-02-01 13:00:00-08:00
1580598000.0,3.0,2020-02-01 15:00:00-08:00
1580612400.0,1.0,2020-02-01 19:00:00-08:00
1580621400.0,2.5,2020-02-01 21:30:00-08:00
1580623200.0,2.0,2020-02-01 22:00:00-08:00
1580654700.0,2.0,2020-02-02 06:45:00-08:00
1580684400.0,2.0,2020-02-02 15:00:00-08:00
1580695200.0,1.0,2020-02-02 18:00:00-08:00
1580706000.0,1.5,2020-02-02 21:00:00-08:00
1580731200.0,2.0,2020-02-03 04:00:00-08:00
1580749200.0,2.5,2020-02-03 09:00:00-08:00
1580772600.0,2.0,2020-02-03 15:30:00-08:00
1580794200.0,1.5,2020-02-03 21:30:00-08:00
1580814000.0,1.5,2020-02-04 03:00:00-08:00
1580835600.0,1.5,2020-02-04 09:00:00-08:00
1580857200.0,1.5,2020-02-04 15:00:00-08:00
1580864400.0,1.5,2020-02-04 17:00:00-08:00
1580896800.0,1.5,2020-02-05 02:00:00-08:00
1580922000.0,1.5,2020-02-05 09:00:00-08:00
1580943600.0,1.5,2020-02-05 15:00:00-08:00
1580949000.0,2.0,2020-02-05 16:30:00-08:00
1580954400.0,2.0,2020-02-05 18:00:00-08:00
1580987700.0,1.5,2020-02-06 03:15:00-08:00
1581008400.0,2.5,2020-02-06 09:00:00-08:00
1581030000.0,2.5,2020-02-06 15:00:00-08:00
1581051600.0,2.0,2020-02-06 21:00:00-08:00
1581074100.0,2.0,2020-02-07 03:15:00-08:00
1581095400.0,2.5,2020-02-07 09:10:00-08:00
1581116400.0,2.5,2020-02-07 15:00:00-08:00
1581122700.0,2.5,2020-02-07 16:45:00-08:00
1581141600.0,1.0,2020-02-07 22:00:00-08:00
1581154200.0,2.5,2020-02-08 01:30:00-08:00
1581174000.0,2.0,2020-02-08 07:00:00-08:00
1581198300.0,2.5,2020-02-08 13:45:00-08:00
1581206400.0,2.5,2020-02-08 16:00:00-08:00
1581226200.0,1.0,2020-02-08 21:30:00-08:00
1581249600.0,2.0,2020-02-09 04:00:00-08:00
1581267600.0,2.5,2020-02-09 09:00:00-08:00
1581288000.0,3.0,2020-02-09 14:40:00-08:00
1581292800.0,2.0,2020-02-09 16:00:00-08:00
1581316200.0,1.0,2020-02-09 22:30:00-08:00
1581337800.0,2.0,2020-02-10 04:30:00-08:00
1581358200.0,2.5,2020-02-10 10:10:00-08:00
1581377400.0,2.5,2020-02-10 15:30:00-08:00
1581397800.0,2.0,2020-02-10 21:10:00-08:00
1581418800.0,2.0,2020-02-11 03:00:00-08:00
1581440400.0,2.5,2020-02-11 09:00:00-08:00
1581462000.0,2.5,2020-02-11 15:00:00-08:00
1581469200.0,1.0,2020-02-11 17:00:00-08:00
1581487200.0,1.0,2020-02-11 22:00:00-08:00
1581516000.0,2.0,2020-02-12 06:00:00-08:00
1581530400.0,2.0,2020-02-12 10:00:00-08:00
1581548400.0,2.0,2020-02-12 15:00:00-08:00
1581570000.0,2.0,2020-02-12 21:00:00-08:00
1581582600.0,0.5,2020-02-13 00:30:00-08:00
1581591600.0,2.0,2020-02-13 03:00:00-08:00
1581613200.0,2.0,2020-02-13 09:00:00-08:00
1581635700.0,2.5,2020-02-13 15:15:00-08:00
1581656400.0,2.0,2020-02-13 21:00:00-08:00
1581663600.0,1.0,2020-02-13 23:00:00-08:00
1581681600.0,2.0,2020-02-14 04:00:00-08:00
1581701400.0,2.5,2020-02-14 09:30:00-08:00
1581718500.0,2.5,2020-02-14 14:15:00-08:00
1581744600.0,2.0,2020-02-14 21:30:00-08:00
1581775200.0,2.0,2020-02-15 06:00:00-08:00
1581789600.0,3.0,2020-02-15 10:00:00-08:00
1581807600.0,2.5,2020-02-15 15:00:00-08:00
1581829200.0,2.0,2020-02-15 21:00:00-08:00
1581858000.0,2.0,2020-02-16 05:00:00-08:00
1581874200.0,2.5,2020-02-16 09:30:00-08:00
1581894000.0,3.0,2020-02-16 15:00:00-08:00
1581904800.0,1.0,2020-02-16 18:00:00-08:00
1581912000.0,1.0,2020-02-16 20:00:00-08:00
1581919200.0,1.0,2020-02-16 22:00:00-08:00
1581938100.0,2.0,2020-02-17 03:15:00-08:00
1581967800.0,2.5,2020-02-17 11:30:00-08:00
1581993000.0,2.5,2020-02-17 18:30:00-08:00
1582021800.0,2.0,2020-02-18 02:30:00-08:00
1582045200.0,2.5,2020-02-18 09:00:00-08:00
1582066800.0,2.5,2020-02-18 15:00:00-08:00
1582088400.0,1.0,2020-02-18 21:00:00-08:00
1582108200.0,2.0,2020-02-19 02:30:00-08:00
1582131600.0,2.5,2020-02-19 09:00:00-08:00
1582151400.0,2.5,2020-02-19 14:30:00-08:00
1582164000.0,2.0,2020-02-19 18:00:00-08:00
1582180200.0,0.5,2020-02-19 22:30:00-08:00
1582202700.0,2.0,2020-02-20 04:45:00-08:00
1582221000.0,2.5,2020-02-20 09:50:00-08:00
1582232400.0,1.0,2020-02-20 13:00:00-08:00
1582245000.0,2.0,2020-02-20 16:30:00-08:00
1582264800.0,1.0,2020-02-20 22:00:00-08:00
1582282800.0,2.0,2020-02-21 03:00:00-08:00
1582303800.0,2.5,2020-02-21 08:50:00-08:00
1582326600.0,2.5,2020-02-21 15:10:00-08:00
1582351200.0,2.0,2020-02-21 22:00:00-08:00
1582369200.0,2.0,2020-02-22 03:00:00-08:00
1582392600.0,2.5,2020-02-22 09:30:00-08:00
1582417800.0,2.5,2020-02-22 16:30:00-08:00
1582435800.0,2.0,2020-02-22 21:30:00-08:00
1582459200.0,2.0,2020-02-23 04:00:00-08:00
1582477200.0,2.5,2020-02-23 09:00:00-08:00
1582498800.0,2.5,2020-02-23 15:00:00-08:00
1582509600.0,2.5,2020-02-23 18:00:00-08:00
1582545600.0,2.0,2020-02-24 04:00:00-08:00
1582561800.0,2.5,2020-02-24 08:30:00-08:00
1582574400.0,3.0,2020-02-24 12:00:00-08:00
1582588800.0,3.0,2020-02-24 16:00:00-08:00
1582617540.0,1.0,2020-02-24 23:59:00-08:00
1582632000.0,1.0,2020-02-25 04:00:00-08:00
1582650000.0,2.0,2020-02-25 09:00:00-08:00
1582671600.0,2.0,2020-02-25 15:00:00-08:00
1582682400.0,1.0,2020-02-25 18:00:00-08:00
1582698600.0,1.0,2020-02-25 22:30:00-08:00
1582720200.0,2.0,2020-02-26 04:30:00-08:00
1582736400.0,2.0,2020-02-26 09:00:00-08:00
1582758000.0,2.0,2020-02-26 15:00:00-08:00
1582779600.0,2.0,2020-02-26 21:00:00-08:00
1582813800.0,1.5,2020-02-27 06:30:00-08:00
1582828200.0,2.0,2020-02-27 10:30:00-08:00
1582846200.0,2.0,2020-02-27 15:30:00-08:00
1582870500.0,1.5,2020-02-27 22:15:00-08:00
1582893000.0,1.5,2020-02-28 04:30:00-08:00
1582909200.0,2.0,2020-02-28 09:00:00-08:00
1582930200.0,3.0,2020-02-28 14:50:00-08:00
1582954200.0,1.5,2020-02-28 21:30:00-08:00
1582992000.0,1.5,2020-02-29 08:00:00-08:00
1583013600.0,2.5,2020-02-29 14:00:00-08:00
1583042400.0,1.5,2020-02-29 22:00:00-08:00
1583065800.0,1.5,2020-03-01 04:30:00-08:00
1583085600.0,2.0,2020-03-01 10:00:00-08:00
1583108100.0,2.0,2020-03-01 16:15:00-08:00
1583130600.0,1.5,2020-03-01 22:30:00-08:00
1583155800.0,1.5,2020-03-02 05:30:00-08:00
1583168400.0,2.5,2020-03-02 09:00:00-08:00
1583177400.0,2.0,2020-03-02 11:30:00-08:00
1583196300.0,2.0,2020-03-02 16:45:00-08:00
1583217900.0,1.0,2020-03-02 22:45:00-08:00
1583238600.0,1.5,2020-03-03 04:30:00-08:00
1583251200.0,2.0,2020-03-03 08:00:00-08:00
1583276400.0,2.0,2020-03-03 15:00:00-08:00
1583298000.0,1.5,2020-03-03 21:00:00-08:00
1583325000.0,1.5,2020-03-04 04:30:00-08:00
1583341800.0,2.0,2020-03-04 09:10:00-08:00
1583361000.0,2.0,2020-03-04 14:30:00-08:00
1583373600.0,2.0,2020-03-04 18:00:00-08:00
1583389800.0,0.5,2020-03-04 22:30:00-08:00
1583402400.0,1.5,2020-03-05 02:00:00-08:00
1583424900.0,2.0,2020-03-05 08:15:00-08:00
1583452800.0,2.0,2020-03-05 16:00:00-08:00
1583474400.0,1.5,2020-03-05 22:00:00-08:00
1583496000.0,1.5,2020-03-06 04:00:00-08:00
1583515800.0,2.0,2020-03-06 09:30:00-08:00
1583539200.0,2.0,2020-03-06 16:00:00-08:00
1583578800.0,1.5,2020-03-07 03:00:00-08:00
1583602200.0,2.0,2020-03-07 09:30:00-08:00
1583622000.0,2.0,2020-03-07 15:00:00-08:00
1583649000.0,1.0,2020-03-07 22:30:00-08:00
1583676000.0,1.5,2020-03-08 07:00:00-07:00
1583697600.0,1.0,2020-03-08 13:00:00-07:00
1583704800.0,2.0,2020-03-08 15:00:00-07:00
1583715600.0,4.0,2020-03-08 18:00:00-07:00
1583740800.0,1.5,2020-03-09 01:00:00-07:00
1583769600.0,2.0,2020-03-09 09:00:00-07:00
1583791200.0,2.0,2020-03-09 15:00:00-07:00
1583815500.0,1.5,2020-03-09 21:45:00-07:00
1583834400.0,1.5,2020-03-10 03:00:00-07:00
1583856000.0,2.0,2020-03-10 09:00:00-07:00
1583877600.0,2.0,2020-03-10 15:00:00-07:00
1583902800.0,1.5,2020-03-10 22:00:00-07:00
1583920800.0,1.5,2020-03-11 03:00:00-07:00
1583945100.0,1.5,2020-03-11 09:45:00-07:00
1583964000.0,1.5,2020-03-11 15:00:00-07:00
1583974800.0,1.0,2020-03-11 18:00:00-07:00
1583994600.0,1.0,2020-03-11 23:30:00-07:00
1584007200.0,1.5,2020-03-12 03:00:00-07:00
1584032400.0,1.5,2020-03-12 10:00:00-07:00
1584050400.0,4.0,2020-03-12 15:00:00-07:00
1584075600.0,1.0,2020-03-12 22:00:00-07:00
1584090000.0,1.5,2020-03-13 02:00:00-07:00
1584115200.0,1.5,2020-03-13 09:00:00-07:00
1584126600.0,1.0,2020-03-13 12:10:00-07:00
1584136800.0,3.0,2020-03-13 15:00:00-07:00
1584166500.0,0.5,2020-03-13 23:15:00-07:00
1584176400.0,1.5,2020-03-14 02:00:00-07:00
1584199800.0,1.5,2020-03-14 08:30:00-07:00
1584219600.0,2.0,2020-03-14 14:00:00-07:00
1584245700.0,1.5,2020-03-14 21:15:00-07:00
1584266400.0,1.5,2020-03-15 03:00:00-07:00
1584289800.0,2.0,2020-03-15 09:30:00-07:00
1584311400.0,2.5,2020-03-15 15:30:00-07:00
1584333900.0,1.0,2020-03-15 21:45:00-07:00
1584352800.0,1.5,2020-03-16 03:00:00-07:00
1584375300.0,2.0,2020-03-16 09:15:00-07:00
1584396000.0,3.0,2020-03-16 15:00:00-07:00
1584439200.0,1.5,2020-03-17 03:00:00-07:00
1584461700.0,2.0,2020-03-17 09:15:00-07:00
1584480600.0,3.0,2020-03-17 14:30:00-07:00
1584507600.0,1.0,2020-03-17 22:00:00-07:00
1584531000.0,1.5,2020-03-18 04:30:00-07:00
1584544800.0,2.0,2020-03-18 08:20:00-07:00
1584568800.0,3.0,2020-03-18 15:00:00-07:00
1584628200.0,1.5,2020-03-19 07:30:00-07:00
1584654300.0,2.0,2020-03-19 14:45:00-07:00
1584662400.0,2.0,2020-03-19 17:00:00-07:00
1584676800.0,2.0,2020-03-19 21:00:00-07:00
1584702000.0,1.5,2020-03-20 04:00:00-07:00
1584721800.0,2.0,2020-03-20 09:30:00-07:00
1584741600.0,3.0,2020-03-20 15:00:00-07:00
1584801000.0,1.5,2020-03-21 07:30:00-07:00
1584817200.0,2.0,2020-03-21 12:00:00-07:00
1584828000.0,4.0,2020-03-21 15:00:00-07:00
1584862200.0,0.5,2020-03-22 00:30:00-07:00
1584887400.0,1.5,2020-03-22 07:30:00-07:00
1584916200.0,2.0,2020-03-22 15:30:00-07:00
1584921600.0,1.0,2020-03-22 17:00:00-07:00
1584932400.0,2.0,2020-03-22 20:00:00-07:00
1584979200.0,2.0,2020-03-23 09:00:00-07:00
1584995400.0,2.0,2020-03-23 13:30:00-07:00
1585002600.0,2.0,2020-03-23 15:30:00-07:00
1585027800.0,1.5,2020-03-23 22:30:00-07:00
1585062000.0,1.5,2020-03-24 08:00:00-07:00
1585072800.0,2.0,2020-03-24 11:00:00-07:00
1585089000.0,2.0,2020-03-24 15:30:00-07:00
1585096200.0,1.0,2020-03-24 17:30:00-07:00
1585112400.0,0.5,2020-03-24 22:00:00-07:00
1585148400.0,1.5,2020-03-25 08:00:00-07:00
1585161900.0,2.0,2020-03-25 11:45:00-07:00
1585175400.0,2.0,2020-03-25 15:30:00-07:00
1585195200.0,2.0,2020-03-25 21:00:00-07:00
1585234800.0,1.5,2020-03-26 08:00:00-07:00
1585242000.0,2.0,2020-03-26 10:00:00-07:00
1585264500.0,2.0,2020-03-26 16:15:00-07:00
1585279800.0,2.0,2020-03-26 20:30:00-07:00
1585321200.0,1.0,2020-03-27 08:00:00-07:00
1585328400.0,2.0,2020-03-27 10:00:00-07:00
1585366200.0,2.5,2020-03-27 20:30:00-07:00
1585407600.0,2.0,2020-03-28 08:00:00-07:00
1585414800.0,1.0,2020-03-28 10:00:00-07:00
1585441800.0,2.0,2020-03-28 17:30:00-07:00
1585452600.0,2.0,2020-03-28 20:30:00-07:00
1585494000.0,1.5,2020-03-29 08:00:00-07:00
1585503000.0,1.5,2020-03-29 10:30:00-07:00
1585513800.0,1.0,2020-03-29 13:30:00-07:00
1585521000.0,2.0,2020-03-29 15:30:00-07:00
1585522800.0,1.0,2020-03-29 16:00:00-07:00
1585544400.0,1.0,2020-03-29 22:00:00-07:00
1585580400.0,1.5,2020-03-30 08:00:00-07:00
1585587600.0,2.0,2020-03-30 10:00:00-07:00
1585606500.0,2.0,2020-03-30 15:15:00-07:00
1585622700.0,2.5,2020-03-30 19:45:00-07:00
1585648800.0,1.5,2020-03-31 03:00:00-07:00
1585674000.0,2.0,2020-03-31 10:00:00-07:00
1585691100.0,2.0,2020-03-31 14:45:00-07:00
1585729800.0,1.5,2020-04-01 01:30:00-07:00
1585753200.0,1.5,2020-04-01 08:00:00-07:00
1585764000.0,2.0,2020-04-01 11:00:00-07:00
1585780200.0,2.0,2020-04-01 15:30:00-07:00
1585800900.0,1.5,2020-04-01 21:15:00-07:00
1585839600.0,1.5,2020-04-02 08:00:00-07:00
1585846800.0,2.0,2020-04-02 10:00:00-07:00
1585864800.0,2.0,2020-04-02 15:00:00-07:00
1585886400.0,1.5,2020-04-02 21:00:00-07:00
1585926000.0,1.5,2020-04-03 08:00:00-07:00
1585935900.0,2.0,2020-04-03 10:45:00-07:00
1585948200.0,2.0,2020-04-03 14:10:00-07:00
1585960200.0,4.0,2020-04-03 17:30:00-07:00
1585962000.0,4.0,2020-04-03 18:00:00-07:00
1585963800.0,4.0,2020-04-03 18:30:00-07:00
1586036700.0,2.0,2020-04-04 14:45:00-07:00
1586100600.0,1.5,2020-04-05 08:30:00-07:00
1586111400.0,2.0,2020-04-05 11:30:00-07:00
1586125800.0,2.0,2020-04-05 15:30:00-07:00
1586146500.0,1.5,2020-04-05 21:15:00-07:00
1586176200.0,1.5,2020-04-06 05:30:00-07:00
1586188800.0,2.0,2020-04-06 09:00:00-07:00
1586210400.0,2.0,2020-04-06 15:00:00-07:00
1586271600.0,1.5,2020-04-07 08:00:00-07:00
1586281500.0,2.0,2020-04-07 10:45:00-07:00
1586317500.0,3.0,2020-04-07 20:45:00-07:00
1586358000.0,1.5,2020-04-08 08:00:00-07:00
1586420100.0,1.5,2020-04-09 01:15:00-07:00
1586421900.0,2.9,2020-04-09 01:45:00-07:00
1586444400.0,1.5,2020-04-09 08:00:00-07:00
1586484000.0,2.1,2020-04-09 19:00:00-07:00
1586522700.0,1.5,2020-04-10 05:45:00-07:00
1586536200.0,2.0,2020-04-10 09:30:00-07:00
1586577600.0,7.0,2020-04-10 21:00:00-07:00
1586617200.0,1.5,2020-04-11 08:00:00-07:00
1586630700.0,2.0,2020-04-11 11:45:00-07:00
1586646000.0,2.0,2020-04-11 16:00:00-07:00
1586664000.0,1.5,2020-04-11 21:00:00-07:00
1586692800.0,1.5,2020-04-12 05:00:00-07:00
1586707200.0,2.0,2020-04-12 09:00:00-07:00
1586728800.0,2.0,2020-04-12 15:00:00-07:00
1586750400.0,1.5,2020-04-12 21:00:00-07:00
1586781000.0,1.5,2020-04-13 05:30:00-07:00
1586793600.0,2.0,2020-04-13 09:00:00-07:00
1586815200.0,2.0,2020-04-13 15:00:00-07:00
1586836800.0,1.5,2020-04-13 21:00:00-07:00
1586863800.0,1.5,2020-04-14 04:30:00-07:00
1586880000.0,2.0,2020-04-14 09:00:00-07:00
1586903400.0,1.0,2020-04-14 15:30:00-07:00
1586909700.0,1.0,2020-04-14 17:15:00-07:00
1586923200.0,1.5,2020-04-14 21:00:00-07:00
1586944800.0,1.5,2020-04-15 03:00:00-07:00
1586966400.0,2.0,2020-04-15 09:00:00-07:00
1586988000.0,2.0,2020-04-15 15:00:00-07:00
1587009600.0,1.5,2020-04-15 21:00:00-07:00
1587031200.0,1.5,2020-04-16 03:00:00-07:00
1587047400.0,1.0,2020-04-16 07:30:00-07:00
1587052800.0,2.0,2020-04-16 09:00:00-07:00
1587074400.0,2.0,2020-04-16 15:00:00-07:00
1587096000.0,1.5,2020-04-16 21:00:00-07:00
1587137400.0,1.5,2020-04-17 08:30:00-07:00
1587141000.0,2.0,2020-04-17 09:30:00-07:00
1587157200.0,2.7,2020-04-17 14:00:00-07:00
1587168000.0,2.0,2020-04-17 17:00:00-07:00
1587204000.0,1.5,2020-04-18 03:00:00-07:00
1587225600.0,2.0,2020-04-18 09:00:00-07:00
1587247200.0,2.0,2020-04-18 15:00:00-07:00
1587268800.0,1.5,2020-04-18 21:00:00-07:00
1587294000.0,1.5,2020-04-19 04:00:00-07:00
1587312000.0,2.0,2020-04-19 09:00:00-07:00
1587333600.0,2.0,2020-04-19 15:00:00-07:00
1587362400.0,2.0,2020-04-19 23:00:00-07:00
1587384000.0,1.5,2020-04-20 05:00:00-07:00
1587400200.0,2.0,2020-04-20 09:30:00-07:00
1587477600.0,3.0,2020-04-21 07:00:00-07:00
1587484800.0,2.0,2020-04-21 09:00:00-07:00
1587567600.0,2.5,2020-04-22 08:00:00-07:00
1587596400.0,2.0,2020-04-22 16:00:00-07:00
1587607200.0,2.0,2020-04-22 19:00:00-07:00
1587650400.0,1.5,2020-04-23 07:00:00-07:00
1587654000.0,1.5,2020-04-23 08:00:00-07:00
1587657600.0,0.5,2020-04-23 09:00:00-07:00
1587679200.0,2.0,2020-04-23 15:00:00-07:00
1587722400.0,1.5,2020-04-24 03:00:00-07:00
1587740400.0,1.5,2020-04-24 08:00:00-07:00
1587766500.0,2.0,2020-04-24 15:15:00-07:00
1587797100.0,1.8,2020-04-24 23:45:00-07:00
1587808800.0,1.5,2020-04-25 03:00:00-07:00
1587816000.0,1.0,2020-04-25 05:00:00-07:00
1587830400.0,2.0,2020-04-25 09:00:00-07:00
1587852000.0,1.5,2020-04-25 15:00:00-07:00
1587875400.0,1.5,2020-04-25 21:30:00-07:00
1587895200.0,1.5,2020-04-26 03:00:00-07:00
1587916800.0,2.0,2020-04-26 09:00:00-07:00
1587938400.0,1.5,2020-04-26 15:00:00-07:00
1587960000.0,1.5,2020-04-26 21:00:00-07:00
1587978000.0,1.5,2020-04-27 02:00:00-07:00
1587981600.0,0.5,2020-04-27 03:00:00-07:00
1588003200.0,1.5,2020-04-27 09:00:00-07:00
1588060800.0,1.0,2020-04-28 01:00:00-07:00
1588064400.0,1.5,2020-04-28 02:00:00-07:00
1588086900.0,2.0,2020-04-28 08:15:00-07:00
1588114800.0,1.5,2020-04-28 16:00:00-07:00
1588154400.0,1.5,2020-04-29 03:00:00-07:00
1588176000.0,2.0,2020-04-29 09:00:00-07:00
1588197600.0,1.0,2020-04-29 15:00:00-07:00
1588219200.0,1.5,2020-04-29 21:00:00-07:00
1588269600.0,1.0,2020-04-30 11:00:00-07:00
1588284000.0,2.0,2020-04-30 15:00:00-07:00
1588305600.0,1.5,2020-04-30 21:00:00-07:00
1588332600.0,1.5,2020-05-01 04:30:00-07:00
1588348800.0,2.0,2020-05-01 09:00:00-07:00
1588369200.0,2.0,2020-05-01 14:40:00-07:00
1588391100.0,2.0,2020-05-01 20:45:00-07:00
1588419000.0,1.5,2020-05-02 04:30:00-07:00
1588436100.0,2.0,2020-05-02 09:15:00-07:00
1588458600.0,2.0,2020-05-02 15:30:00-07:00
1588479600.0,2.0,2020-05-02 21:20:00-07:00
1588500000.0,1.5,2020-05-03 03:00:00-07:00
1588528800.0,2.0,2020-05-03 11:00:00-07:00
1588543200.0,2.0,2020-05-03 15:00:00-07:00
1588564800.0,1.5,2020-05-03 21:00:00-07:00
1588591800.0,1.5,2020-05-04 04:30:00-07:00
1588609800.0,2.0,2020-05-04 09:30:00-07:00
1588627800.0,2.0,2020-05-04 14:30:00-07:00
1588652100.0,1.5,2020-05-04 21:15:00-07:00
1588678200.0,1.5,2020-05-05 04:30:00-07:00
1588694400.0,2.0,2020-05-05 09:00:00-07:00
1588716000.0,2.0,2020-05-05 15:00:00-07:00
1588737600.0,1.5,2020-05-05 21:00:00-07:00
1588764600.0,1.5,2020-05-06 04:30:00-07:00
1588780800.0,2.0,2020-05-06 09:00:00-07:00
1588802400.0,2.0,2020-05-06 15:00:00-07:00
1588824000.0,1.5,2020-05-06 21:00:00-07:00
1588845600.0,1.5,2020-05-07 03:00:00-07:00
1588867200.0,2.0,2020-05-07 09:00:00-07:00
1588884300.0,2.0,2020-05-07 13:45:00-07:00
1588914000.0,1.5,2020-05-07 22:00:00-07:00
1588932000.0,1.5,2020-05-08 03:00:00-07:00
1588953600.0,2.0,2020-05-08 09:00:00-07:00
1588986000.0,2.0,2020-05-08 18:00:00-07:00
1589040000.0,2.0,2020-05-09 09:00:00-07:00
1589061600.0,2.0,2020-05-09 15:00:00-07:00
1589083200.0,1.5,2020-05-09 21:00:00-07:00
1589112000.0,1.5,2020-05-10 05:00:00-07:00
1589130000.0,2.0,2020-05-10 10:00:00-07:00
1589146200.0,4.0,2020-05-10 14:30:00-07:00
1589162400.0,3.0,2020-05-10 19:00:00-07:00
1589166000.0,2.0,2020-05-10 20:00:00-07:00
1589216400.0,2.0,2020-05-11 10:00:00-07:00
1589238000.0,2.0,2020-05-11 16:00:00-07:00
1589256000.0,1.5,2020-05-11 21:00:00-07:00
1589281200.0,1.5,2020-05-12 04:00:00-07:00
1589299200.0,2.0,2020-05-12 09:00:00-07:00
1589320800.0,2.0,2020-05-12 15:00:00-07:00
1589342400.0,1.5,2020-05-12 21:00:00-07:00
1589364000.0,1.5,2020-05-13 03:00:00-07:00
1589385600.0,2.0,2020-05-13 09:00:00-07:00
1589407200.0,2.0,2020-05-13 15:00:00-07:00
1589428800.0,1.5,2020-05-13 21:00:00-07:00
1589450400.0,1.5,2020-05-14 03:00:00-07:00
1589472000.0,2.0,2020-05-14 09:00:00-07:00
1589482800.0,4.0,2020-05-14 12:00:00-07:00
1589497200.0,2.5,2020-05-14 16:00:00-07:00
1589536800.0,1.5,2020-05-15 03:00:00-07:00
1589558400.0,2.0,2020-05-15 09:00:00-07:00
1589580000.0,2.0,2020-05-15 15:00:00-07:00
1589601600.0,1.5,2020-05-15 21:00:00-07:00
1589626800.0,1.5,2020-05-16 04:00:00-07:00
1589644800.0,2.0,2020-05-16 09:00:00-07:00
1589666400.0,2.0,2020-05-16 15:00:00-07:00
1589688000.0,1.5,2020-05-16 21:00:00-07:00
1589714100.0,1.5,2020-05-17 04:15:00-07:00
1589732100.0,2.0,2020-05-17 09:15:00-07:00
1589749200.0,3.0,2020-05-17 14:00:00-07:00
1589756400.0,3.0,2020-05-17 16:00:00-07:00
1589760000.0,3.0,2020-05-17 17:00:00-07:00
1589803200.0,2.5,2020-05-18 05:00:00-07:00
1589817600.0,2.0,2020-05-18 09:00:00-07:00
1589886000.0,2.0,2020-05-19 04:00:00-07:00
1589907600.0,2.0,2020-05-19 10:00:00-07:00
1589925600.0,2.0,2020-05-19 15:00:00-07:00
1589929200.0,1.0,2020-05-19 16:00:00-07:00
1589947200.0,1.0,2020-05-19 21:00:00-07:00
1589990400.0,3.5,2020-05-20 09:00:00-07:00
1590001200.0,2.0,2020-05-20 12:00:00-07:00
1590022800.0,2.0,2020-05-20 18:00:00-07:00
1590033600.0,1.5,2020-05-20 21:00:00-07:00
1590063600.0,1.5,2020-05-21 05:20:00-07:00
1590073200.0,1.5,2020-05-21 08:00:00-07:00
1590094800.0,2.0,2020-05-21 14:00:00-07:00
1590120000.0,1.5,2020-05-21 21:00:00-07:00
1590148800.0,1.5,2020-05-22 05:00:00-07:00
1590163200.0,2.0,2020-05-22 09:00:00-07:00
1590181200.0,3.5,2020-05-22 14:00:00-07:00
1590188400.0,3.5,2020-05-22 16:00:00-07:00
1590235200.0,1.5,2020-05-23 05:00:00-07:00
1590249600.0,2.5,2020-05-23 09:00:00-07:00
1590273000.0,2.0,2020-05-23 15:30:00-07:00
1590293700.0,1.5,2020-05-23 21:15:00-07:00
1590325200.0,1.5,2020-05-24 06:00:00-07:00
1590336000.0,2.5,2020-05-24 09:00:00-07:00
1590357600.0,2.0,2020-05-24 15:00:00-07:00
1590379200.0,1.5,2020-05-24 21:00:00-07:00
1590411600.0,1.5,2020-05-25 06:00:00-07:00
1590422400.0,2.5,2020-05-25 09:00:00-07:00
1590442200.0,2.5,2020-05-25 14:30:00-07:00
1590465600.0,1.5,2020-05-25 21:00:00-07:00
1590498000.0,1.5,2020-05-26 06:00:00-07:00
1590508800.0,2.0,2020-05-26 09:00:00-07:00
1590532200.0,3.0,2020-05-26 15:30:00-07:00
1590552000.0,1.5,2020-05-26 21:00:00-07:00
1590584400.0,1.5,2020-05-27 06:00:00-07:00
1590595200.0,2.5,2020-05-27 09:00:00-07:00
1590616800.0,2.5,2020-05-27 15:00:00-07:00
1590642000.0,2.0,2020-05-27 22:00:00-07:00
1590660000.0,1.5,2020-05-28 03:00:00-07:00
1590679800.0,2.5,2020-05-28 08:30:00-07:00
1590703200.0,3.0,2020-05-28 15:00:00-07:00
1590724800.0,1.0,2020-05-28 21:00:00-07:00
1590739200.0,1.5,2020-05-29 01:00:00-07:00
1590760800.0,2.5,2020-05-29 07:00:00-07:00
1590793200.0,2.75,2020-05-29 16:00:00-07:00
1590814800.0,2.5,2020-05-29 22:00:00-07:00
1590847200.0,2.67,2020-05-30 07:00:00-07:00
1590874200.0,2.635,2020-05-30 14:30:00-07:00
1590901200.0,2.65,2020-05-30 22:00:00-07:00
1590940800.0,2.66,2020-05-31 09:00:00-07:00
1590962400.0,2.66,2020-05-31 15:00:00-07:00
1590987600.0,2.66,2020-05-31 22:00:00-07:00
1591026300.0,2.66,2020-06-01 08:45:00-07:00
1591048800.0,2.68,2020-06-01 15:00:00-07:00
1591074000.0,2.66,2020-06-01 22:00:00-07:00
1591104600.0,2.66,2020-06-02 06:30:00-07:00
1591133400.0,2.65,2020-06-02 14:30:00-07:00
1591158600.0,2.66,2020-06-02 21:30:00-07:00
1591191900.0,2.66,2020-06-03 06:45:00-07:00
1591218000.0,2.67,2020-06-03 14:00:00-07:00
1591246800.0,2.66,2020-06-03 22:00:00-07:00
1591275600.0,2.66,2020-06-04 06:00:00-07:00
1591304400.0,2.66,2020-06-04 14:00:00-07:00
1591333200.0,2.66,2020-06-04 22:00:00-07:00
1591363200.0,2.66,2020-06-05 06:20:00-07:00
1591389900.0,2.66,2020-06-05 13:45:00-07:00
1591419600.0,2.66,2020-06-05 22:00:00-07:00
1591451100.0,2.66,2020-06-06 06:45:00-07:00
1591477200.0,2.66,2020-06-06 14:00:00-07:00
1591498800.0,2.66,2020-06-06 20:00:00-07:00
1591534800.0,2.66,2020-06-07 06:00:00-07:00
1591565400.0,2.66,2020-06-07 14:30:00-07:00
1591592400.0,2.66,2020-06-07 22:00:00-07:00
1591628400.0,2.66,2020-06-08 08:00:00-07:00
1591650900.0,2.66,2020-06-08 14:15:00-07:00
1591664400.0,5.0,2020-06-08 18:00:00-07:00
1591718400.0,2.66,2020-06-09 09:00:00-07:00
1591736400.0,2.66,2020-06-09 14:00:00-07:00
1591765200.0,2.66,2020-06-09 22:00:00-07:00
1591804800.0,2.66,2020-06-10 09:00:00-07:00
1591821900.0,2.66,2020-06-10 13:45:00-07:00
1591833600.0,5.0,2020-06-10 17:00:00-07:00
1591887600.0,2.5,2020-06-11 08:00:00-07:00
1591908300.0,2.66,2020-06-11 13:45:00-07:00
1591931700.0,2.5,2020-06-11 20:15:00-07:00
1591971300.0,2.66,2020-06-12 07:15:00-07:00
1591995600.0,2.66,2020-06-12 14:00:00-07:00
1592017200.0,2.66,2020-06-12 20:00:00-07:00
1592066700.0,2.66,2020-06-13 09:45:00-07:00
1592085600.0,2.66,2020-06-13 15:00:00-07:00
1592107200.0,2.66,2020-06-13 21:00:00-07:00
1592148600.0,2.66,2020-06-14 08:30:00-07:00
1592169300.0,2.66,2020-06-14 14:15:00-07:00
1592190000.0,2.7,2020-06-14 20:00:00-07:00
1592240400.0,2.66,2020-06-15 10:00:00-07:00
1592254800.0,2.67,2020-06-15 14:00:00-07:00
1592276400.0,2.66,2020-06-15 20:00:00-07:00
1592315100.0,2.66,2020-06-16 06:45:00-07:00
1592341200.0,2.66,2020-06-16 14:00:00-07:00
1592355600.0,5.0,2020-06-16 18:00:00-07:00
1592406900.0,2.66,2020-06-17 08:15:00-07:00
1592427600.0,2.66,2020-06-17 14:00:00-07:00
1592449200.0,2.66,2020-06-17 20:00:00-07:00
1592493300.0,2.66,2020-06-18 08:15:00-07:00
1592514000.0,2.66,2020-06-18 14:00:00-07:00
1592535600.0,2.66,2020-06-18 20:00:00-07:00
1592579700.0,2.66,2020-06-19 08:15:00-07:00
1592590500.0,2.66,2020-06-19 11:15:00-07:00
1592666100.0,2.66,2020-06-20 08:15:00-07:00
1592688600.0,2.66,2020-06-20 14:30:00-07:00
1592708400.0,2.66,2020-06-20 20:00:00-07:00
1592744400.0,2.5,2020-06-21 06:00:00-07:00
1592771400.0,2.5,2020-06-21 13:30:00-07:00
1592796600.0,2.5,2020-06-21 20:30:00-07:00
1592820000.0,2.5,2020-06-22 03:00:00-07:00
1592842500.0,3.0,2020-06-22 09:15:00-07:00
1592866800.0,3.0,2020-06-22 16:00:00-07:00
1592883000.0,2.5,2020-06-22 20:30:00-07:00
1592924400.0,2.66,2020-06-23 08:00:00-07:00
1593012600.0,2.66,2020-06-24 08:30:00-07:00
1593032400.0,2.66,2020-06-24 14:00:00-07:00
1593054000.0,2.66,2020-06-24 20:00:00-07:00
1593090000.0,2.66,2020-06-25 06:00:00-07:00
1593104400.0,3.0,2020-06-25 10:00:00-07:00
1593118800.0,2.0,2020-06-25 14:00:00-07:00
1593140400.0,2.0,2020-06-25 20:00:00-07:00
1593183600.0,2.66,2020-06-26 08:00:00-07:00
1593183600.0,3.0,2020-06-26 08:00:00-07:00
1593194400.0,4.0,2020-06-26 11:00:00-07:00
1593201600.0,2.0,2020-06-26 13:00:00-07:00
1593205200.0,4.0,2020-06-26 14:00:00-07:00
1593212400.0,2.0,2020-06-26 16:00:00-07:00
1593219600.0,3.0,2020-06-26 18:00:00-07:00
1593237600.0,2.0,2020-06-26 23:00:00-07:00
1593266400.0,2.66,2020-06-27 07:00:00-07:00
1593285600.0,3.0,2020-06-27 12:20:00-07:00
1593298800.0,3.0,2020-06-27 16:00:00-07:00
1593324000.0,2.0,2020-06-27 23:00:00-07:00
1593342000.0,3.0,2020-06-28 04:00:00-07:00
1593352800.0,3.0,2020-06-28 07:00:00-07:00
1593372600.0,3.0,2020-06-28 12:30:00-07:00
1593437400.0,1.0,2020-06-29 06:30:00-07:00
1593444600.0,2.5,2020-06-29 08:30:00-07:00
1593457200.0,3.0,2020-06-29 12:00:00-07:00
1593478800.0,3.0,2020-06-29 18:00:00-07:00
1593486000.0,3.0,2020-06-29 20:00:00-07:00
1593529200.0,3.0,2020-06-30 08:00:00-07:00
1593541800.0,3.0,2020-06-30 11:30:00-07:00
1593547200.0,3.0,2020-06-30 13:00:00-07:00
1593558000.0,3.0,2020-06-30 16:00:00-07:00
1593567900.0,3.0,2020-06-30 18:45:00-07:00
1593567900.0,2.0,2020-06-30 18:45:00-07:00
1593574200.0,3.0,2020-06-30 20:30:00-07:00
1593619200.0,4.0,2020-07-01 09:00:00-07:00
1593622800.0,4.0,2020-07-01 10:00:00-07:00
1593624600.0,4.0,2020-07-01 10:30:00-07:00
1593637200.0,4.0,2020-07-01 14:00:00-07:00
1593648000.0,4.0,2020-07-01 17:00:00-07:00
1593651600.0,6.0,2020-07-01 18:00:00-07:00
1593660600.0,4.0,2020-07-01 20:30:00-07:00
1593705600.0,4.0,2020-07-02 09:00:00-07:00
1593711000.0,4.0,2020-07-02 10:30:00-07:00
1593813600.0,4.0,2020-07-03 15:00:00-07:00
1593874800.0,4.0,2020-07-04 08:00:00-07:00
1593894600.0,4.0,2020-07-04 13:30:00-07:00
1593909000.0,4.0,2020-07-04 17:30:00-07:00
1593968400.0,4.0,2020-07-05 10:00:00-07:00
1593979200.0,4.0,2020-07-05 13:00:00-07:00
1593984600.0,4.0,2020-07-05 14:30:00-07:00
1593997200.0,4.0,2020-07-05 18:00:00-07:00
1594047600.0,2.0,2020-07-06 08:00:00-07:00
1594053000.0,4.0,2020-07-06 09:30:00-07:00
1594069200.0,4.0,2020-07-06 14:00:00-07:00
1594078200.0,4.0,2020-07-06 16:30:00-07:00
1594080000.0,4.0,2020-07-06 17:00:00-07:00
1594096200.0,4.0,2020-07-06 21:30:00-07:00
1594135800.0,5.0,2020-07-07 08:30:00-07:00
1594143000.0,5.0,2020-07-07 10:30:00-07:00
1594152000.0,5.0,2020-07-07 13:00:00-07:00
1594159200.0,5.0,2020-07-07 15:00:00-07:00
1594161000.0,5.0,2020-07-07 15:30:00-07:00
1594220400.0,4.0,2020-07-08 08:00:00-07:00
1594224000.0,4.0,2020-07-08 09:00:00-07:00
1594227600.0,4.0,2020-07-08 10:00:00-07:00
1594234800.0,5.0,2020-07-08 12:00:00-07:00
1594238400.0,4.0,2020-07-08 13:00:00-07:00
1594243800.0,5.0,2020-07-08 14:30:00-07:00
1594243800.0,4.0,2020-07-08 14:30:00-07:00
1594252800.0,5.0,2020-07-08 17:00:00-07:00
1594256400.0,4.0,2020-07-08 18:00:00-07:00
1594315800.0,5.0,2020-07-09 10:30:00-07:00
1594328400.0,5.0,2020-07-09 14:00:00-07:00
1594350000.0,4.0,2020-07-09 20:00:00-07:00
1594400400.0,4.0,2020-07-10 10:00:00-07:00
1594411380.0,4.0,2020-07-10 13:03:00-07:00
1594432800.0,5.0,2020-07-10 19:00:00-07:00
1594485900.0,4.0,2020-07-11 09:45:00-07:00
1594499400.0,4.0,2020-07-11 13:30:00-07:00
1594509300.0,5.0,2020-07-11 16:15:00-07:00
1594512900.0,5.0,2020-07-11 17:15:00-07:00
1594569600.0,5.0,2020-07-12 09:00:00-07:00
1594586700.0,5.0,2020-07-12 13:45:00-07:00
1594611900.0,5.0,2020-07-12 20:45:00-07:00
1594663200.0,5.0,2020-07-13 11:00:00-07:00
1594674000.0,5.0,2020-07-13 14:00:00-07:00
1594701900.0,5.0,2020-07-13 21:45:00-07:00
1594743300.0,5.0,2020-07-14 09:15:00-07:00
1594755000.0,5.0,2020-07-14 12:30:00-07:00
1594763100.0,5.0,2020-07-14 14:45:00-07:00
1594766700.0,5.0,2020-07-14 15:45:00-07:00
1594769400.0,5.0,2020-07-14 16:30:00-07:00
1594772100.0,5.0,2020-07-14 17:15:00-07:00
1594778400.0,5.0,2020-07-14 19:00:00-07:00
1594834200.0,5.0,2020-07-15 10:30:00-07:00
1594847700.0,5.0,2020-07-15 14:15:00-07:00
1594854000.0,8.0,2020-07-15 16:00:00-07:00
1594857600.0,8.0,2020-07-15 17:00:00-07:00
1594872000.0,8.0,2020-07-15 21:00:00-07:00
1594917900.0,5.0,2020-07-16 09:45:00-07:00
1594929600.0,8.0,2020-07-16 13:00:00-07:00
1594938600.0,8.0,2020-07-16 15:30:00-07:00
1594944000.0,8.0,2020-07-16 17:00:00-07:00
1594951200.0,8.0,2020-07-16 19:00:00-07:00
1594954800.0,8.0,2020-07-16 20:00:00-07:00
1594958400.0,8.0,2020-07-16 21:00:00-07:00
1594998000.0,10.0,2020-07-17 08:00:00-07:00
1595016000.0,10.0,2020-07-17 13:00:00-07:00
1595021400.0,10.0,2020-07-17 14:30:00-07:00
1595089800.0,5.0,2020-07-18 09:30:00-07:00
1595095200.0,5.0,2020-07-18 11:00:00-07:00
1595106000.0,8.0,2020-07-18 14:00:00-07:00
1595178000.0,5.0,2020-07-19 10:00:00-07:00
1595196000.0,10.0,2020-07-19 15:00:00-07:00
1595198700.0,5.0,2020-07-19 15:45:00-07:00
1595217600.0,5.0,2020-07-19 21:00:00-07:00
1595263500.0,5.0,2020-07-20 09:45:00-07:00
1595272500.0,10.0,2020-07-20 12:15:00-07:00
1595297700.0,5.0,2020-07-20 19:15:00-07:00
1595340000.0,5.0,2020-07-21 07:00:00-07:00
1595350800.0,5.0,2020-07-21 10:00:00-07:00
1595361600.0,5.0,2020-07-21 13:00:00-07:00
1595372400.0,5.0,2020-07-21 16:00:00-07:00
1595379600.0,5.0,2020-07-21 18:00:00-07:00
1595390400.0,5.0,2020-07-21 21:00:00-07:00
1595431800.0,5.0,2020-07-22 08:30:00-07:00
1595439000.0,5.0,2020-07-22 10:30:00-07:00
1595457900.0,5.0,2020-07-22 15:45:00-07:00
1595459700.0,5.0,2020-07-22 16:15:00-07:00
1595469600.0,5.0,2020-07-22 19:00:00-07:00
1595480400.0,5.0,2020-07-22 22:00:00-07:00
1595521800.0,5.0,2020-07-23 09:30:00-07:00
1595530800.0,5.0,2020-07-23 12:00:00-07:00
1595537100.0,5.0,2020-07-23 13:45:00-07:00
1595542200.0,5.0,2020-07-23 15:10:00-07:00
1595546100.0,5.0,2020-07-23 16:15:00-07:00
1595603700.0,5.0,2020-07-24 08:15:00-07:00
1595606400.0,5.0,2020-07-24 09:00:00-07:00
1595617200.0,5.0,2020-07-24 12:00:00-07:00
1595626200.0,5.0,2020-07-24 14:30:00-07:00
1595646000.0,5.0,2020-07-24 20:00:00-07:00
1595697300.0,5.0,2020-07-25 10:15:00-07:00
1595703600.0,5.0,2020-07-25 12:00:00-07:00
1595710800.0,5.0,2020-07-25 14:00:00-07:00
1595718000.0,5.0,2020-07-25 16:00:00-07:00
1595732400.0,5.0,2020-07-25 20:00:00-07:00
1595781000.0,5.0,2020-07-26 09:30:00-07:00
1595788200.0,5.0,2020-07-26 11:30:00-07:00
1595797200.0,5.0,2020-07-26 14:00:00-07:00
1595805600.0,5.0,2020-07-26 16:20:00-07:00
1595870100.0,5.0,2020-07-27 10:15:00-07:00
1595883600.0,5.0,2020-07-27 14:00:00-07:00
1595887200.0,5.0,2020-07-27 15:00:00-07:00
1595898000.0,10.0,2020-07-27 18:00:00-07:00
1595952000.0,5.0,2020-07-28 09:00:00-07:00
1595952900.0,5.0,2020-07-28 09:15:00-07:00
1595959200.0,8.0,2020-07-28 11:00:00-07:00
1595962800.0,5.0,2020-07-28 12:00:00-07:00
1596034800.0,10.0,2020-07-29 08:00:00-07:00
1596121200.0,5.0,2020-07-30 08:00:00-07:00
1596207600.0,5.0,2020-07-31 08:00:00-07:00
1596214800.0,5.0,2020-07-31 10:00:00-07:00
1596229200.0,5.0,2020-07-31 14:00:00-07:00
1596232800.0,5.0,2020-07-31 15:00:00-07:00
1596240000.0,5.0,2020-07-31 17:00:00-07:00
1596247200.0,5.0,2020-07-31 19:00:00-07:00
1596250800.0,10.0,2020-07-31 20:00:00-07:00
1596291300.0,10.0,2020-08-01 07:15:00-07:00
1596304800.0,5.0,2020-08-01 11:00:00-07:00
1596308400.0,5.0,2020-08-01 12:00:00-07:00
1596315600.0,5.0,2020-08-01 14:00:00-07:00
1596330000.0,5.0,2020-08-01 18:00:00-07:00
1596337200.0,5.0,2020-08-01 20:00:00-07:00
1596379500.0,7.0,2020-08-02 07:45:00-07:00
1596384000.0,5.0,2020-08-02 09:00:00-07:00
1596394800.0,8.0,2020-08-02 12:00:00-07:00
1596409200.0,8.0,2020-08-02 16:00:00-07:00
1596423600.0,10.0,2020-08-02 20:00:00-07:00
1596452400.0,8.0,2020-08-03 04:00:00-07:00
1596466800.0,5.0,2020-08-03 08:00:00-07:00
1596483000.0,5.0,2020-08-03 12:30:00-07:00
1596495600.0,5.0,2020-08-03 16:00:00-07:00
1596499200.0,5.0,2020-08-03 17:00:00-07:00
1596542400.0,5.0,2020-08-04 05:00:00-07:00
1596553200.0,5.0,2020-08-04 08:00:00-07:00
1596560400.0,5.0,2020-08-04 10:00:00-07:00
1596571200.0,5.0,2020-08-04 13:00:00-07:00
1596582000.0,5.0,2020-08-04 16:00:00-07:00
1596589200.0,3.0,2020-08-04 18:00:00-07:00
1596614400.0,5.0,2020-08-05 01:00:00-07:00
1596637800.0,5.0,2020-08-05 07:30:00-07:00
1596646800.0,5.0,2020-08-05 10:00:00-07:00
1596668400.0,5.0,2020-08-05 16:00:00-07:00
1596672000.0,3.0,2020-08-05 17:00:00-07:00
1596679200.0,3.0,2020-08-05 19:00:00-07:00
1596686400.0,3.0,2020-08-05 21:00:00-07:00
1596722400.0,3.0,2020-08-06 07:00:00-07:00
1596727800.0,3.0,2020-08-06 08:30:00-07:00
1596730500.0,4.0,2020-08-06 09:15:00-07:00
1596736800.0,5.0,2020-08-06 11:00:00-07:00
1596745800.0,5.0,2020-08-06 13:30:00-07:00
1596755700.0,7.0,2020-08-06 16:15:00-07:00
1596762000.0,7.0,2020-08-06 18:00:00-07:00
1596769200.0,5.0,2020-08-06 20:00:00-07:00
1596810600.0,5.0,2020-08-07 07:30:00-07:00
1596817800.0,5.0,2020-08-07 09:30:00-07:00
1596818700.0,5.0,2020-08-07 09:45:00-07:00
1596825900.0,7.0,2020-08-07 11:45:00-07:00
1596837600.0,7.0,2020-08-07 15:00:00-07:00
1596855600.0,7.0,2020-08-07 20:00:00-07:00
1596866400.0,7.0,2020-08-07 23:00:00-07:00
1596873600.0,7.0,2020-08-08 01:00:00-07:00
1596898800.0,5.0,2020-08-08 08:00:00-07:00
1596906000.0,5.0,2020-08-08 10:00:00-07:00
1596920400.0,7.0,2020-08-08 14:00:00-07:00
1596942000.0,5.0,2020-08-08 20:00:00-07:00
1596998700.0,5.0,2020-08-09 11:45:00-07:00
1597003200.0,5.0,2020-08-09 13:00:00-07:00
1597012800.0,10.0,2020-08-09 15:40:00-07:00
1597014900.0,5.0,2020-08-09 16:15:00-07:00
1597028400.0,30.0,2020-08-09 20:00:00-07:00
1597086000.0,25.0,2020-08-10 12:00:00-07:00
1597159800.0,5.0,2020-08-11 08:30:00-07:00
1597172400.0,5.0,2020-08-11 12:00:00-07:00
1597183200.0,5.0,2020-08-11 15:00:00-07:00
1597242600.0,5.0,2020-08-12 07:30:00-07:00
1597253400.0,5.0,2020-08-12 10:30:00-07:00
1597263300.0,5.0,2020-08-12 13:15:00-07:00
1597273200.0,30.0,2020-08-12 16:00:00-07:00
1597323600.0,5.0,2020-08-13 06:00:00-07:00
1597330800.0,10.0,2020-08-13 08:00:00-07:00
1597345200.0,7.0,2020-08-13 12:00:00-07:00
1597352400.0,8.0,2020-08-13 14:00:00-07:00
1597359600.0,6.2,2020-08-13 16:00:00-07:00
1597374000.0,10.0,2020-08-13 20:00:00-07:00
1597431600.0,45.0,2020-08-14 12:00:00-07:00
1597518000.0,30.0,2020-08-15 12:00:00-07:00
1597604400.0,26.0,2020-08-16 12:00:00-07:00
1597676400.0,5.0,2020-08-17 08:00:00-07:00
1597689000.0,10.0,2020-08-17 11:30:00-07:00
1597706100.0,5.0,2020-08-17 16:15:00-07:00
1597722300.0,5.0,2020-08-17 20:45:00-07:00
1597764600.0,5.0,2020-08-18 08:30:00-07:00
1597775400.0,5.0,2020-08-18 11:30:00-07:00
1597784400.0,5.0,2020-08-18 14:00:00-07:00
1597792500.0,5.0,2020-08-18 16:15:00-07:00
1597817700.0,5.0,2020-08-18 23:15:00-07:00
1597845600.0,5.0,2020-08-19 07:00:00-07:00
1597860000.0,5.0,2020-08-19 11:00:00-07:00
1597871700.0,5.0,2020-08-19 14:15:00-07:00
1597879800.0,5.0,2020-08-19 16:30:00-07:00
1597903200.0,5.0,2020-08-19 23:00:00-07:00
1597932000.0,5.0,2020-08-20 07:00:00-07:00
1597939200.0,5.0,2020-08-20 09:00:00-07:00
1597946400.0,5.0,2020-08-20 11:00:00-07:00
1597971600.0,5.0,2020-08-20 18:00:00-07:00
1598018400.0,5.0,2020-08-21 07:00:00-07:00
1598027400.0,5.0,2020-08-21 09:30:00-07:00
1598040000.0,5.0,2020-08-21 13:00:00-07:00
1598058000.0,5.0,2020-08-21 18:00:00-07:00
1598097600.0,5.0,2020-08-22 05:00:00-07:00
1598113800.0,5.0,2020-08-22 09:30:00-07:00
1598119200.0,5.0,2020-08-22 11:00:00-07:00
1598133600.0,5.0,2020-08-22 15:00:00-07:00
1598148000.0,5.0,2020-08-22 19:00:00-07:00
1598187600.0,5.0,2020-08-23 06:00:00-07:00
1598203800.0,5.0,2020-08-23 10:30:00-07:00
1598211000.0,5.0,2020-08-23 12:30:00-07:00
1598211900.0,5.0,2020-08-23 12:45:00-07:00
1598238000.0,5.0,2020-08-23 20:00:00-07:00
1598270400.0,6.0,2020-08-24 05:00:00-07:00
1598294700.0,4.0,2020-08-24 11:45:00-07:00
1598305500.0,5.0,2020-08-24 14:45:00-07:00
1598317200.0,5.0,2020-08-24 18:00:00-07:00
1598324400.0,5.0,2020-08-24 20:00:00-07:00
1598328900.0,5.0,2020-08-24 21:15:00-07:00
1598369400.0,5.0,2020-08-25 08:30:00-07:00
1598378400.0,5.0,2020-08-25 11:00:00-07:00
1598396400.0,5.0,2020-08-25 16:00:00-07:00
1598410800.0,5.0,2020-08-25 20:00:00-07:00
1598450400.0,5.0,2020-08-26 07:00:00-07:00
1598468400.0,5.0,2020-08-26 12:00:00-07:00
1598484600.0,5.0,2020-08-26 16:30:00-07:00
1598495400.0,5.0,2020-08-26 19:30:00-07:00
1598505300.0,5.0,2020-08-26 22:15:00-07:00
1598514300.0,7.5,2020-08-27 00:45:00-07:00
1598540400.0,5.0,2020-08-27 08:00:00-07:00
1598562000.0,5.0,2020-08-27 14:00:00-07:00
1598574600.0,5.0,2020-08-27 17:30:00-07:00
1598580000.0,5.0,2020-08-27 19:00:00-07:00
1598589000.0,10.0,2020-08-27 21:30:00-07:00
1598626800.0,5.0,2020-08-28 08:00:00-07:00
1598646600.0,5.0,2020-08-28 13:30:00-07:00
1598653800.0,5.0,2020-08-28 15:30:00-07:00
1598668200.0,5.0,2020-08-28 19:30:00-07:00
1598670000.0,10.0,2020-08-28 20:00:00-07:00
1598713200.0,5.0,2020-08-29 08:00:00-07:00
1598727600.0,5.0,2020-08-29 12:00:00-07:00
1598734800.0,7.0,2020-08-29 14:00:00-07:00
1598760000.0,5.0,2020-08-29 21:00:00-07:00
1598767200.0,5.0,2020-08-29 23:00:00-07:00
1598774400.0,5.0,2020-08-30 01:00:00-07:00
1598799600.0,5.0,2020-08-30 08:00:00-07:00
1598814000.0,5.0,2020-08-30 12:00:00-07:00
1598823000.0,10.0,2020-08-30 14:30:00-07:00
1598828400.0,5.0,2020-08-30 16:00:00-07:00
1598842800.0,8.0,2020-08-30 20:00:00-07:00
1598850000.0,5.0,2020-08-30 22:00:00-07:00
1598887800.0,5.0,2020-08-31 08:30:00-07:00
1598898600.0,5.0,2020-08-31 11:30:00-07:00
1598914800.0,5.0,2020-08-31 16:00:00-07:00
1598922000.0,5.0,2020-08-31 18:00:00-07:00
1598929200.0,5.0,2020-08-31 20:00:00-07:00
1598932800.0,5.0,2020-08-31 21:00:00-07:00
1598972400.0,5.0,2020-09-01 08:00:00-07:00
1598979600.0,5.0,2020-09-01 10:00:00-07:00
1598986740.0,5.0,2020-09-01 11:59:00-07:00
1598992200.0,5.0,2020-09-01 13:30:00-07:00
1599055200.0,5.0,2020-09-02 07:00:00-07:00
1599066000.0,5.0,2020-09-02 10:00:00-07:00
1599080400.0,8.7,2020-09-02 14:00:00-07:00
1599082200.0,7.0,2020-09-02 14:30:00-07:00
1599145200.0,5.0,2020-09-03 08:00:00-07:00
1599174000.0,5.0,2020-09-03 16:00:00-07:00
1599184800.0,5.0,2020-09-03 19:00:00-07:00
1599192000.0,10.0,2020-09-03 21:00:00-07:00
1599231600.0,5.0,2020-09-04 08:00:00-07:00
1599246000.0,5.0,2020-09-04 12:00:00-07:00
1599253200.0,5.0,2020-09-04 14:00:00-07:00
1599282000.0,5.0,2020-09-04 22:00:00-07:00
1600182000.0,8.0,2020-09-15 08:00:00-07:00
1600203600.0,8.0,2020-09-15 14:00:00-07:00
1600218000.0,8.0,2020-09-15 18:00:00-07:00
1600243200.0,5.0,2020-09-16 01:00:00-07:00
1600268400.0,8.0,2020-09-16 08:00:00-07:00
1600286400.0,8.0,2020-09-16 13:00:00-07:00
1600293600.0,8.0,2020-09-16 15:00:00-07:00
1600297200.0,8.0,2020-09-16 16:00:00-07:00
1600311600.0,8.0,2020-09-16 20:00:00-07:00
1600315200.0,8.0,2020-09-16 21:00:00-07:00
1600322400.0,10.0,2020-09-16 23:00:00-07:00
1600329600.0,8.0,2020-09-17 01:00:00-07:00
1600354800.0,8.0,2020-09-17 08:00:00-07:00
1600372800.0,8.0,2020-09-17 13:00:00-07:00
1600387200.0,14.0,2020-09-17 17:00:00-07:00
1600390800.0,8.0,2020-09-17 18:00:00-07:00
1600434000.0,8.0,2020-09-18 06:00:00-07:00
1600452000.0,8.0,2020-09-18 11:00:00-07:00
1600466400.0,8.0,2020-09-18 15:00:00-07:00
1600473600.0,8.0,2020-09-18 17:00:00-07:00
1600491600.0,4.0,2020-09-18 22:00:00-07:00
1600527600.0,8.0,2020-09-19 08:00:00-07:00
1600536600.0,8.0,2020-09-19 10:30:00-07:00
1600554600.0,4.0,2020-09-19 15:30:00-07:00
1600561800.0,4.0,2020-09-19 17:30:00-07:00
1600567200.0,4.0,2020-09-19 19:00:00-07:00
1600580700.0,4.0,2020-09-19 22:45:00-07:00
1600610400.0,6.0,2020-09-20 07:00:00-07:00
1600625700.0,6.0,2020-09-20 11:15:00-07:00
1600634700.0,6.0,2020-09-20 13:45:00-07:00
1600650000.0,4.0,2020-09-20 18:00:00-07:00
1600652700.0,6.0,2020-09-20 18:45:00-07:00
1600696800.0,5.0,2020-09-21 07:00:00-07:00
1600707600.0,3.0,2020-09-21 10:00:00-07:00
1600719300.0,5.0,2020-09-21 13:15:00-07:00
1600731900.0,5.0,2020-09-21 16:45:00-07:00
1600744500.0,2.0,2020-09-21 20:15:00-07:00
1600750800.0,4.0,2020-09-21 22:00:00-07:00
1600783200.0,4.0,2020-09-22 07:00:00-07:00
1600790400.0,4.0,2020-09-22 09:00:00-07:00
1600800300.0,4.0,2020-09-22 11:45:00-07:00
1600814700.0,4.0,2020-09-22 15:45:00-07:00
1600838100.0,4.0,2020-09-22 22:15:00-07:00
1600857900.0,4.0,2020-09-23 03:45:00-07:00
1600864200.0,4.0,2020-09-23 05:30:00-07:00
1600875000.0,4.0,2020-09-23 08:30:00-07:00
1600890300.0,4.0,2020-09-23 12:45:00-07:00
1600916400.0,4.0,2020-09-23 20:00:00-07:00
1600952400.0,4.0,2020-09-24 06:00:00-07:00
1600968600.0,4.0,2020-09-24 10:30:00-07:00
1600981200.0,3.0,2020-09-24 14:00:00-07:00
1600987500.0,3.0,2020-09-24 15:45:00-07:00
1601010000.0,3.0,2020-09-24 22:00:00-07:00
1601041500.0,3.0,2020-09-25 06:45:00-07:00
1601049600.0,3.0,2020-09-25 09:00:00-07:00
1601059500.0,3.0,2020-09-25 11:45:00-07:00
1601081100.0,3.0,2020-09-25 17:45:00-07:00
1601083800.0,1.0,2020-09-25 18:30:00-07:00
1601096280.0,3.0,2020-09-25 21:58:00-07:00
1601125200.0,3.0,2020-09-26 06:00:00-07:00
1601140500.0,3.0,2020-09-26 10:15:00-07:00
1601145900.0,3.0,2020-09-26 11:45:00-07:00
1601157600.0,3.0,2020-09-26 15:00:00-07:00
1601182800.0,3.0,2020-09-26 22:00:00-07:00
1601203500.0,3.0,2020-09-27 03:45:00-07:00
1601211600.0,3.0,2020-09-27 06:00:00-07:00
1601226000.0,3.0,2020-09-27 10:00:00-07:00
1601232300.0,3.0,2020-09-27 11:45:00-07:00
